[
	{"operation":"load"   ,"file":"example_model.json"},
	{"operation":"print"  ,"info":"Test #1:"},
	{"operation":"convert","line":"1000000000000000 BNT to ??? GNO","result":"xxx","update":false},
	{"operation":"convert","line":"???????????????? BNT to xxx GNO","result":null ,"update":false},
	{"operation":"print"  ,"info":"Test #2:"},
	{"operation":"convert","line":"??? GNO to 1000000000000000 BNT","result":"yyy","update":false},
	{"operation":"convert","line":"yyy GNO to ???????????????? BNT","result":null ,"update":false},
	{"operation":"print"  ,"info":"Test #3:"},
	{"operation":"convert","line":"xxx GNO to ???????????????? BNT","result":null ,"update":false},
	{"operation":"convert","line":"yyy GNO to ???????????????? BNT","result":null ,"update":false},
	{"operation":"print"  ,"info":"Test #4:"},
	{"operation":"convert","line":"???????????????? BNT to xxx GNO","result":null ,"update":false},
	{"operation":"convert","line":"???????????????? BNT to yyy GNO","result":null ,"update":false},
	{"operation":"print"  ,"info":"Test #5:"},
	{"operation":"save"   ,"file":"example_model_before_update.json"},
	{"operation":"convert","line":"1000000000000000 BNT to ??? GNO","result":null,"update":true},
	{"operation":"convert","line":"1000000000000000 BNT to ??? GNO","result":null,"update":true},
	{"operation":"convert","line":"1000000000000000 BNT to ??? GNO","result":null,"update":true},
	{"operation":"convert","line":"1000000000000000 BNT to ??? GNO","result":null,"update":true},
	{"operation":"convert","line":"1000000000000000 BNT to ??? GNO","result":null,"update":true},
	{"operation":"convert","line":"1000000000000000 BNT to ??? GNO","result":null,"update":true},
	{"operation":"convert","line":"1000000000000000 BNT to ??? GNO","result":null,"update":true},
	{"operation":"convert","line":"1000000000000000 BNT to ??? GNO","result":null,"update":true},
	{"operation":"convert","line":"1000000000000000 BNT to ??? GNO","result":null,"update":true},
	{"operation":"convert","line":"1000000000000000 BNT to ??? GNO","result":null,"update":true},
	{"operation":"save"   ,"file":"example_model_after_update.json"}
]