{
    "BNT": {
        "ETH": {
            "balance": 570339152000000000000000, 
            "weight": 100000
        }, 
        "supply": 76659917077000000000000000, 
        "fee": 10000
    }, 
    "GNOBNT": {
        "BNT": {
            "balance": 94111799713052300000000, 
            "weight": 500000
        }, 
        "GNO": {
            "balance": 1979279044556610000000, 
            "weight": 500000
        }, 
        "supply": 206554617391782000000000, 
        "fee": 15000
    }, 
    "STX": {
        "BNT": {
            "balance": 332513533000000000000000, 
            "weight": 20000
        }, 
        "supply": 59023617240000000000000000, 
        "fee": 20000
    }
}