{
  "hosting": [
    {
      "target": "production",
      "public": "dist",
      "ignore": ["firebase.json", "**/.*", "**/node_modules/**"],
      "rewrites": [
        {
          "source": "**",
          "destination": "/index.html"
        }
      ],
      "headers": [
        {
          "source": "**/*",
          "headers": [
            {
              "key": "X-Content-Type-Options",
              "value": "nosniff"
            },
            {
              "key": "X-Frame-Options",
              "value": "DENY"
            },
            {
              "key": "X-XSS-Protection",
              "value": "1; mode=block"
            }
          ]
        }
      ]
    },
    {
      "target": "staging",
      "public": "dist",
      "ignore": ["firebase.json", "**/.*", "**/node_modules/**"],
      "rewrites": [
        {
          "source": "**",
          "destination": "/index.html"
        }
      ],
      "headers": [
        {
          "source": "**/*",
          "headers": [
            {
              "key": "X-Content-Type-Options",
              "value": "nosniff"
            },
            {
              "key": "X-Frame-Options",
              "value": "DENY"
            },
            {
              "key": "X-XSS-Protection",
              "value": "1; mode=block"
            }
          ]
        }
      ]
    }
  ]
}
